x,f
27370.0,0.001
27375.0,0.00115
27380.0,0.00125
27385.0,0.0014
27390.0,0.0015
27395.0,0.00159304
27400.0,0.00162396
27405.0,0.00176216
27410.0,0.00190036
27415.0,0.00203856
27420.0,0.00216538
27425.0,0.00202324
27430.0,0.0018811
27435.0,0.00173896
27440.0,0.00159682
27445.0,0.00145468
27450.0,0.00131253
27455.0,0.00117039
27460.0,0.00102825
27465.0,0.000886108
27470.0,0.000743963
27475.0,0.000601821
27480.0,0.000459679
27485.0,0.00051482
27490.0,0.000573044
27495.0,0.000631269
27500.0,0.000689493
27505.0,0.000747718
27510.0,0.000805942
27515.0,0.000864167
27520.0,0.000922392
27525.0,0.000980617
27530.0,0.00103884
27535.0,0.00109707
27540.0,0.00115528
27545.0,0.00121351
27550.0,0.00127173
27555.0,0.00132996
27560.0,0.00138818
27565.0,0.00144641
27570.0,0.00150463
27575.0,0.00156286
27580.0,0.00162108
27585.0,0.00167931
27590.0,0.00173753
27595.0,0.00179575
27600.0,0.00185398
27605.0,0.0019122
27610.0,0.00197043
27615.0,0.00202865
27620.0,0.00208688
27625.0,0.0021451
27630.0,0.00220333
27635.0,0.00226155
27640.0,0.00231978
27645.0,0.002378
27650.0,0.00243623
27655.0,0.00249444
27660.0,0.00255267
27665.0,0.00261089
27670.0,0.00266912
27675.0,0.00272734
27680.0,0.00278557
27685.0,0.00284379
27690.0,0.00290202
27695.0,0.00296024
27700.0,0.00301847
27705.0,0.00307669
27710.0,0.00313491
27715.0,0.00319313
27720.0,0.00325136
27725.0,0.00330958
27730.0,0.00336781
27735.0,0.0033166
27740.0,0.00321583
27745.0,0.00311505
27750.0,0.00322165
27755.0,0.00346058
27760.0,0.00369953
27765.0,0.00393846
27770.0,0.00417739
27775.0,0.00441633
27780.0,0.00442256
27785.0,0.00413791
27790.0,0.00417894
27795.0,0.00425583
27800.0,0.00433273
27805.0,0.00440963
27810.0,0.00449259
27815.0,0.00444532
27820.0,0.0041754
27825.0,0.00384814
27830.0,0.00341823
27835.0,0.00311003
27840.0,0.00286548
27845.0,0.00273912
27850.0,0.002708
27855.0,0.00270882
27860.0,0.00270866
27865.0,0.00270816
27870.0,0.00271228
27875.0,0.00278044
27880.0,0.00286135
27885.0,0.00300163
27890.0,0.00315222
27895.0,0.00333394
27900.0,0.00348231
27905.0,0.00364966
27910.0,0.00383242
27915.0,0.00397733
27920.0,0.00410299
27925.0,0.00426332
27930.0,0.00441165
27935.0,0.0045404
27940.0,0.00465544
27945.0,0.00491897
27950.0,0.00523429
27955.0,0.0054539
27960.0,0.0057442
27965.0,0.00596314
27970.0,0.00607198
27975.0,0.00607338
27980.0,0.00599162
27985.0,0.00595079
27990.0,0.00604655
27995.0,0.00618239
28000.0,0.00656998
28005.0,0.00693885
28010.0,0.00738561
28015.0,0.00773029
28020.0,0.00790493
28025.0,0.00772072
28030.0,0.00740226
28035.0,0.0065386
28040.0,0.00530328
28045.0,0.00423
28050.0,0.00345735
28055.0,0.00321167
28060.0,0.00316694
28065.0,0.00330966
28070.0,0.00347431
28075.0,0.00368089
28080.0,0.00392006
28085.0,0.00405246
28090.0,0.00416408
28095.0,0.0040871
28100.0,0.00398224
28105.0,0.00407316
28110.0,0.00419498
28115.0,0.0044499
28120.0,0.00477881
28125.0,0.0050827
28130.0,0.00537384
28135.0,0.0057024
28140.0,0.00591906
28145.0,0.00596745
28150.0,0.00592363
28155.0,0.00580363
28160.0,0.00560812
28165.0,0.0053745
28170.0,0.00516202
28175.0,0.00498389
28180.0,0.00495294
28185.0,0.0050493
28190.0,0.00517576
28195.0,0.00526042
28200.0,0.00522957
28205.0,0.00532404
28210.0,0.0053963
28215.0,0.00553353
28220.0,0.00568057
28225.0,0.00578679
28230.0,0.00583795
28235.0,0.0059381
28240.0,0.0060933
28245.0,0.00640001
28250.0,0.00669056
28255.0,0.00704863
28260.0,0.00741339
28265.0,0.00787421
28270.0,0.0083557
28275.0,0.00897672
28280.0,0.00958486
28285.0,0.0101972
28290.0,0.0108463
28295.0,0.0114105
28300.0,0.0118935
28305.0,0.0122404
28310.0,0.0125053
28315.0,0.0128759
28320.0,0.0132169
28325.0,0.0137796
28330.0,0.0146488
28335.0,0.0157324
28340.0,0.0168897
28345.0,0.017856
28350.0,0.0187101
28355.0,0.0192197
28360.0,0.0194106
28365.0,0.0190711
28370.0,0.0186585
28375.0,0.0182149
28380.0,0.0182219
28385.0,0.0185639
28390.0,0.0191924
28395.0,0.0201342
28400.0,0.0212312
28405.0,0.0226362
28410.0,0.023961
28415.0,0.0255156
28420.0,0.0271338
28425.0,0.0287904
28430.0,0.0304268
28435.0,0.0317055
28440.0,0.0328248
28445.0,0.0336026
28450.0,0.0336867
28455.0,0.0326393
28460.0,0.0299356
28465.0,0.0256607
28470.0,0.0211545
28475.0,0.0179508
28480.0,0.0159757
28485.0,0.0149569
28490.0,0.0146214
28495.0,0.0146214
28500.0,0.0148217
28505.0,0.0151379
28510.0,0.0153816
28515.0,0.0158087
28520.0,0.0162186
28525.0,0.0166627
28530.0,0.0170961
28535.0,0.0176101
28540.0,0.0181759
28545.0,0.0186154
28550.0,0.0188889
28555.0,0.0189577
28560.0,0.0189316
28565.0,0.0188826
28570.0,0.0190915
28575.0,0.019555
28580.0,0.0202707
28585.0,0.021162
28590.0,0.0221844
28595.0,0.023092
28600.0,0.023727
28605.0,0.0237422
28610.0,0.0233578
28615.0,0.0220358
28620.0,0.0196239
28625.0,0.0173329
28630.0,0.0157013
28635.0,0.0150566
28640.0,0.0149248
28645.0,0.0152044
28650.0,0.0157658
28655.0,0.0163436
28660.0,0.0168986
28665.0,0.017418
28670.0,0.0178192
28675.0,0.0180677
28680.0,0.0179927
28685.0,0.01779
28690.0,0.0175599
28695.0,0.0174982
28700.0,0.0176674
28705.0,0.0181633
28710.0,0.0187826
28715.0,0.0196898
28720.0,0.0206898
28725.0,0.0217167
28730.0,0.0228231
28735.0,0.0240702
28740.0,0.0255084
28745.0,0.0269701
28750.0,0.0286915
28755.0,0.0305796
28760.0,0.0322328
28765.0,0.0342637
28770.0,0.0361708
28775.0,0.0379118
28780.0,0.0394418
28785.0,0.0407333
28790.0,0.0417158
28795.0,0.0417081
28800.0,0.0401127
28805.0,0.0365411
28810.0,0.0325123
28815.0,0.0298737
28820.0,0.0283616
28825.0,0.0279907
28830.0,0.0280571
28835.0,0.0284778
28840.0,0.0291698
28845.0,0.02995
28850.0,0.0307468
28855.0,0.0313903
28860.0,0.0319811
28865.0,0.0324616
28870.0,0.0326503
28875.0,0.0326829
28880.0,0.0327688
28885.0,0.0336446
28890.0,0.0355133
28895.0,0.0388447
28900.0,0.0428854
28905.0,0.0455381
28910.0,0.0477161
28915.0,0.0493567
28920.0,0.0495127
28925.0,0.0500492
28930.0,0.0506233
28935.0,0.0512739
28940.0,0.0520327
28945.0,0.0529001
28950.0,0.0538677
28955.0,0.0549272
28960.0,0.0560703
28965.0,0.0572886
28970.0,0.0585739
28975.0,0.0599178
28980.0,0.061317
28985.0,0.0628474
28990.0,0.0646499
28995.0,0.0668672
29000.0,0.0696421
29005.0,0.0731174
29010.0,0.0774361
29015.0,0.0827413
29020.0,0.0891756
29025.0,0.0967018
29030.0,0.104844
29035.0,0.113063
29040.0,0.120818
29045.0,0.127567
29050.0,0.132771
29055.0,0.135888
29060.0,0.136377
29065.0,0.13378
29070.0,0.128385
29075.0,0.120887
29080.0,0.111978
29085.0,0.102354
29090.0,0.0927108
29095.0,0.0837418
29100.0,0.0761423
29105.0,0.0706032
29110.0,0.0674255
29115.0,0.0662092
29120.0,0.0664813
29125.0,0.0677689
29130.0,0.0695995
29135.0,0.0715004
29140.0,0.0729991
29145.0,0.0736229
29150.0,0.0729641
29155.0,0.0711015
29160.0,0.0683345
29165.0,0.0649638
29170.0,0.0612897
29175.0,0.0576125
29180.0,0.0542326
29185.0,0.0514504
29190.0,0.0495645
29195.0,0.0487078
29200.0,0.0487234
29205.0,0.0494254
29210.0,0.050628
29215.0,0.0521454
29220.0,0.0537919
29225.0,0.0553818
29230.0,0.0567293
29235.0,0.0576709
29240.0,0.0582319
29245.0,0.0585334
29250.0,0.0586968
29255.0,0.0588439
29260.0,0.0590963
29265.0,0.0595756
29270.0,0.0604035
29275.0,0.0617016
29280.0,0.0635548
29285.0,0.0659664
29290.0,0.0689282
29295.0,0.0724326
29300.0,0.0764718
29305.0,0.081038
29310.0,0.0861236
29315.0,0.0917211
29320.0,0.0978192
29325.0,0.104353
29330.0,0.111218
29335.0,0.118308
29340.0,0.125519
29345.0,0.132745
29350.0,0.139881
29355.0,0.146821
29360.0,0.153461
29365.0,0.159687
29370.0,0.165365
29375.0,0.170353
29380.0,0.174507
29385.0,0.177686
29390.0,0.179748
29395.0,0.180549
29400.0,0.179948
29405.0,0.181094
29410.0,0.15776
29415.0,0.137336
29420.0,0.119475
29425.0,0.117191
29430.0,0.114331
29435.0,0.115984
29440.0,0.110412
29445.0,0.11266
29450.0,0.116014
29455.0,0.11506
29460.0,0.112041
29465.0,0.111611
29470.0,0.100378
29475.0,0.095485
29480.0,0.0987528
29485.0,0.0946153
29490.0,0.0953093
29495.0,0.0972653
29500.0,0.0966468
29505.0,0.093975
29510.0,0.103552
29515.0,0.101361
29520.0,0.104315
29525.0,0.112842
29530.0,0.1028
29535.0,0.109576
29540.0,0.105577
29545.0,0.117334
29550.0,0.125763
29555.0,0.127597
29560.0,0.134267
29565.0,0.144799
29570.0,0.157366
29575.0,0.167369
29580.0,0.181778
29585.0,0.189207
29590.0,0.201376
29595.0,0.21031
29600.0,0.221721
29605.0,0.243162
29610.0,0.255542
29615.0,0.275312
29620.0,0.288576
29625.0,0.302505
29630.0,0.315141
29635.0,0.328908
29640.0,0.349
29645.0,0.35662
29650.0,0.359852
29655.0,0.357517
29660.0,0.312924
29665.0,0.26361
29670.0,0.250854
29675.0,0.225642
29680.0,0.215954
29685.0,0.212099
29690.0,0.213039
29695.0,0.212286
29700.0,0.217214
29705.0,0.228784
29710.0,0.228276
29715.0,0.234677
29720.0,0.23073
29725.0,0.216107
29730.0,0.199471
29735.0,0.185629
29740.0,0.17273
29745.0,0.156229
29750.0,0.138156
29755.0,0.137641
29760.0,0.133169
29765.0,0.132759
29770.0,0.130102
29775.0,0.135396
29780.0,0.137976
29785.0,0.141571
29790.0,0.146448
29795.0,0.144508
29800.0,0.147612
29805.0,0.147424
29810.0,0.148173
29815.0,0.152936
29820.0,0.158908
29825.0,0.158808
29830.0,0.15986
29835.0,0.173936
29840.0,0.184109
29845.0,0.195143
29850.0,0.208267
29855.0,0.219256
29860.0,0.231653
29865.0,0.2464
29870.0,0.260437
29875.0,0.270792
29880.0,0.279749
29885.0,0.291068
29890.0,0.29808
29895.0,0.310421
29900.0,0.32454
29905.0,0.339003
29910.0,0.358322
29915.0,0.38152
29920.0,0.402798
29925.0,0.435972
29930.0,0.45622
29935.0,0.479037
29940.0,0.502597
29945.0,0.524648
29950.0,0.533964
29955.0,0.539211
29960.0,0.543613
29965.0,0.528793
29970.0,0.494103
29975.0,0.434481
29980.0,0.376792
29985.0,0.337161
29990.0,0.31575
29995.0,0.311042
30000.0,0.308745
30005.0,0.309195
30010.0,0.305859
30015.0,0.301443
30020.0,0.288111
30025.0,0.281303
30030.0,0.275329
30035.0,0.260812
30040.0,0.259337
30045.0,0.245576
30050.0,0.24047
30055.0,0.239705
30060.0,0.245389
30065.0,0.249801
30070.0,0.253235
30075.0,0.254387
30080.0,0.264311
30085.0,0.274146
30090.0,0.289737
30095.0,0.296673
30100.0,0.307337
30105.0,0.32438
30110.0,0.342266
30115.0,0.359522
30120.0,0.378005
30125.0,0.397178
30130.0,0.423351
30135.0,0.445925
30140.0,0.463029
30145.0,0.494843
30150.0,0.519418
30155.0,0.549928
30160.0,0.569115
30165.0,0.602396
30170.0,0.643471
30175.0,0.676401
30180.0,0.714024
30185.0,0.742425
30190.0,0.760916
30195.0,0.783319
30200.0,0.798299
30205.0,0.776672
30210.0,0.722769
30215.0,0.645967
30220.0,0.58085
30225.0,0.576514
30230.0,0.57938
30235.0,0.590359
30240.0,0.621721
30245.0,0.63754
30250.0,0.652572
30255.0,0.663442
30260.0,0.669026
30265.0,0.669038
30270.0,0.653319
30275.0,0.62195
30280.0,0.547619
30285.0,0.458994
30290.0,0.414888
30295.0,0.397736
30300.0,0.388775
30305.0,0.387424
30310.0,0.393567
30315.0,0.403442
30320.0,0.405217
30325.0,0.412848
30330.0,0.412246
30335.0,0.41662
30340.0,0.413195
30345.0,0.408467
30350.0,0.413104
30355.0,0.424498
30360.0,0.432002
30365.0,0.446361
30370.0,0.461131
30375.0,0.477228
30380.0,0.496519
30385.0,0.516764
30390.0,0.538966
30395.0,0.554187
30400.0,0.573748
30405.0,0.60726
30410.0,0.634358
30415.0,0.660286
30420.0,0.695533
30425.0,0.73709
30430.0,0.783894
30435.0,0.819557
30440.0,0.849244
30445.0,0.891832
30450.0,0.944885
30455.0,0.986271
30460.0,1.02262
30465.0,1.07242
30470.0,1.12162
30475.0,1.18287
30480.0,1.22402
30485.0,1.24978
30490.0,1.24392
30495.0,1.19668
30500.0,1.11562
30505.0,1.03983
30510.0,0.931884
30515.0,0.835307
30520.0,0.79262
30525.0,0.78198
30530.0,0.789623
30535.0,0.805987
30540.0,0.827344
30545.0,0.857514
30550.0,0.866302
30555.0,0.872092
30560.0,0.86684
30565.0,0.840536
30570.0,0.78736
30575.0,0.735743
30580.0,0.692039
30585.0,0.664032
30590.0,0.64836
30595.0,0.646288
30600.0,0.649505
30605.0,0.669937
30610.0,0.681006
30615.0,0.700969
30620.0,0.719834
30625.0,0.726964
30630.0,0.750591
30635.0,0.7736
30640.0,0.800673
30645.0,0.820347
30650.0,0.837855
30655.0,0.86678
30660.0,0.904297
30665.0,0.9463
30670.0,0.969134
30675.0,0.997928
30680.0,1.06388
30685.0,1.11032
30690.0,1.15221
30695.0,1.21324
30700.0,1.24462
30705.0,1.31978
30710.0,1.35617
30715.0,1.38792
30720.0,1.39196
30725.0,1.35161
30730.0,1.29381
30735.0,1.30295
30740.0,1.32965
30745.0,1.37024
30750.0,1.44064
30755.0,1.50484
30760.0,1.572
30765.0,1.62097
30770.0,1.67874
30775.0,1.72676
30780.0,1.73383
30785.0,1.66091
30790.0,1.54936
30795.0,1.35454
30800.0,1.2007
30805.0,1.14609
30810.0,1.13642
30815.0,1.13784
30820.0,1.14609
30825.0,1.14531
30830.0,1.16024
30835.0,1.16891
30840.0,1.16111
30845.0,1.14192
30850.0,1.09903
30855.0,1.05745
30860.0,1.02341
30865.0,1.00121
30870.0,1.00036
30875.0,1.00576
30880.0,1.02405
30885.0,1.04379
30890.0,1.07623
30895.0,1.11347
30900.0,1.17305
30905.0,1.20016
30910.0,1.22697
30915.0,1.27479
30920.0,1.32572
30925.0,1.3869
30930.0,1.43768
30935.0,1.48379
30940.0,1.55317
30945.0,1.6402
30950.0,1.71268
30955.0,1.77183
30960.0,1.85824
30965.0,1.95131
30970.0,2.04609
30975.0,2.13151
30980.0,2.17777
30985.0,2.22832
30990.0,2.26886
30995.0,2.19775
31000.0,2.05087
31005.0,1.96103
31010.0,1.95554
31015.0,1.98037
31020.0,2.0544
31025.0,2.11629
31030.0,2.17893
31035.0,2.24384
31040.0,2.30464
31045.0,2.32525
31050.0,2.29945
31055.0,2.21712
31060.0,2.0343
31065.0,1.82139
31070.0,1.70354
31075.0,1.64631
31080.0,1.62164
31085.0,1.61356
31090.0,1.639
31095.0,1.66313
31100.0,1.67409
31105.0,1.69143
31110.0,1.70181
31115.0,1.69165
31120.0,1.67699
31125.0,1.67879
31130.0,1.67312
31135.0,1.68133
31140.0,1.70002
31145.0,1.725
31150.0,1.76308
31155.0,1.80634
31160.0,1.87548
31165.0,1.94924
31170.0,1.99812
31175.0,2.05333
31180.0,2.14035
31185.0,2.21847
31190.0,2.27412
31195.0,2.29752
31200.0,2.3075
31205.0,2.36165
31210.0,2.44394
31215.0,2.52782
31220.0,2.61343
31225.0,2.7164
31230.0,2.81613
31235.0,2.93679
31240.0,3.01577
31245.0,3.15995
31250.0,3.15931
31255.0,2.96658
31260.0,2.73295
31265.0,2.6748
31270.0,2.66652
31275.0,2.69393
31280.0,2.75102
31285.0,2.86503
31290.0,2.99163
31295.0,2.99576
31300.0,3.02603
31305.0,2.98415
31310.0,2.79309
31315.0,2.65337
31320.0,2.50962
31325.0,2.43207
31330.0,2.34812
31335.0,2.34872
31340.0,2.35186
31345.0,2.39477
31350.0,2.42629
31355.0,2.48068
31360.0,2.55087
31365.0,2.55952
31370.0,2.56497
31375.0,2.64323
31380.0,2.67961
31385.0,2.66263
31390.0,2.70243
31395.0,2.74911
31400.0,2.81786
31405.0,2.88684
31410.0,2.9779
31415.0,3.04305
31420.0,3.13053
31425.0,3.23857
31430.0,3.35582
31435.0,3.40654
31440.0,3.38117
31445.0,3.36296
31450.0,3.3948
31455.0,3.49066
31460.0,3.60832
31465.0,3.71817
31470.0,3.83924
31475.0,3.96355
31480.0,4.03656
31485.0,4.00518
31490.0,3.90389
31495.0,3.7479
31500.0,3.61385
31505.0,3.57066
31510.0,3.59438
31515.0,3.66182
31520.0,3.71176
31525.0,3.75255
31530.0,3.79101
31535.0,3.85278
31540.0,3.85027
31545.0,3.81112
31550.0,3.72553
31555.0,3.61017
31560.0,3.54384
31565.0,3.52406
31570.0,3.54097
31575.0,3.59375
31580.0,3.66312
31585.0,3.72632
31590.0,3.76825
31595.0,3.86798
31600.0,3.92916
31605.0,3.9561
31610.0,4.0012
31615.0,4.05865
31620.0,4.11981
31625.0,4.14634
31630.0,4.19109
31635.0,4.20317
31640.0,4.25754
31645.0,4.35131
31650.0,4.48573
31655.0,4.58716
31660.0,4.67462
31665.0,4.78228
31670.0,4.91196
31675.0,5.01871
31680.0,5.10663
31685.0,5.1778
31690.0,5.21393
31695.0,5.18144
31700.0,5.04379
31705.0,4.86504
31710.0,4.78569
31715.0,4.72717
31720.0,4.69132
31725.0,4.65797
31730.0,4.60305
31735.0,4.59798
31740.0,4.653
31745.0,4.69707
31750.0,4.7479
31755.0,4.82581
31760.0,4.80953
31765.0,4.80517
31770.0,4.82685
31775.0,4.82321
31780.0,4.84806
31785.0,4.88591
31790.0,4.91759
31795.0,4.98074
31800.0,5.07071
31805.0,5.18733
31810.0,5.30567
31815.0,5.3867
31820.0,5.43942
31825.0,5.51797
31830.0,5.62652
31835.0,5.71228
31840.0,5.82347
31845.0,5.91434
31850.0,6.00171
31855.0,6.06977
31860.0,6.1304
31865.0,6.2199
31870.0,6.2998
31875.0,6.37206
31880.0,6.48233
31885.0,6.53068
31890.0,6.53275
31895.0,6.56858
31900.0,6.54577
31905.0,6.50472
31910.0,6.41504
31915.0,6.33853
31920.0,6.31184
31925.0,6.21253
31930.0,6.22034
31935.0,6.26918
31940.0,6.28982
31945.0,6.29461
31950.0,6.35418
31955.0,6.40956
31960.0,6.3802
31965.0,6.39784
31970.0,6.45383
31975.0,6.50134
31980.0,6.56808
31985.0,6.5885
31990.0,6.58882
31995.0,6.65097
32000.0,6.75259
32005.0,6.83256
32010.0,6.92593
32015.0,6.98083
32020.0,7.03632
32025.0,7.11147
32030.0,7.15622
32035.0,7.21106
32040.0,7.27319
32045.0,7.33382
32050.0,7.38601
32055.0,7.48971
32060.0,7.61459
32065.0,7.70134
32070.0,7.76194
32075.0,7.85534
32080.0,7.99519
32085.0,8.12227
32090.0,8.25461
32095.0,8.3467
32100.0,8.42733
32105.0,8.51806
32110.0,8.57638
32115.0,8.56481
32120.0,8.55461
32125.0,8.55593
32130.0,8.58756
32135.0,8.5007
32140.0,8.544
32145.0,8.57575
32150.0,8.62083
32155.0,8.60684
32160.0,8.67824
32165.0,8.72069
32170.0,8.79127
32175.0,8.85479
32180.0,8.8677
32185.0,8.90574
32190.0,8.91531
32195.0,8.948
32200.0,9.00167
32205.0,9.14051
32210.0,9.25421
32215.0,9.39694
32220.0,9.50896
32225.0,9.5319
32230.0,9.55977
32235.0,9.53482
32240.0,9.49662
32245.0,9.53359
32250.0,9.54007
32255.0,9.49809
32260.0,9.49373
32265.0,9.53282
32270.0,9.63757
32275.0,9.67855
32280.0,9.67633
32285.0,9.67045
32290.0,9.79481
32295.0,9.9342
32300.0,10.0234
32305.0,10.1372
32310.0,10.2577
32315.0,10.5056
32320.0,10.7873
32325.0,10.9967
32330.0,11.0873
32335.0,11.1624
32340.0,11.3006
32345.0,11.4875
32350.0,11.6106
32355.0,11.6744
32360.0,11.7582
32365.0,11.7709
32370.0,11.8537
32375.0,11.9623
32380.0,11.9763
32385.0,11.9879
32390.0,12.0384
32395.0,12.0763
32400.0,12.0826
32405.0,12.0449
32410.0,11.9747
32415.0,12.0227
32420.0,12.1805
32425.0,12.3134
32430.0,12.4042
32435.0,12.5614
32440.0,12.6828
32445.0,12.6645
32450.0,12.6963
32455.0,12.8226
32460.0,12.872
32465.0,12.8981
32470.0,12.9462
32475.0,12.9363
32480.0,12.9199
32485.0,12.9797
32490.0,12.886
32495.0,12.9126
32500.0,13.0205
32505.0,13.1327
32510.0,13.1722
32515.0,13.1901
32520.0,13.3189
32525.0,13.4833
32530.0,13.6228
32535.0,13.7474
32540.0,13.8548
32545.0,13.945
32550.0,14.0926
32555.0,14.3099
32560.0,14.4836
32565.0,14.6257
32570.0,14.7755
32575.0,14.9163
32580.0,15.1038
32585.0,15.3308
32590.0,15.4194
32595.0,15.4852
32600.0,15.5968
32605.0,15.7025
32610.0,15.8667
32615.0,16.0365
32620.0,16.1427
32625.0,16.2967
32630.0,16.4735
32635.0,16.6123
32640.0,16.7268
32645.0,16.7673
32650.0,16.7825
32655.0,16.8898
32660.0,16.8178
32665.0,16.8216
32670.0,16.8574
32675.0,16.8799
32680.0,17.0317
32685.0,17.0767
32690.0,17.1508
32695.0,17.2965
32700.0,17.3421
32705.0,17.3937
32710.0,17.442
32715.0,17.4535
32720.0,17.511
32725.0,17.5497
32730.0,17.5149
32735.0,17.5955
32740.0,17.826
32745.0,17.8271
32750.0,17.975
32755.0,18.06
32760.0,18.1597
32765.0,18.3454
32770.0,18.5243
32775.0,18.7382
32780.0,18.8904
32785.0,19.0395
32790.0,19.2759
32795.0,19.5398
32800.0,19.7712
32805.0,19.8487
32810.0,19.9522
32815.0,20.2363
32820.0,20.3271
32825.0,20.709
32830.0,20.9195
32835.0,21.0974
32840.0,21.1702
32845.0,21.2964
32850.0,21.4339
32855.0,21.5764
32860.0,21.7351
32865.0,21.8486
32870.0,21.97
32875.0,22.1663
32880.0,22.4244
32885.0,22.4813
32890.0,22.5248
32895.0,22.6357
32900.0,22.6457
32905.0,22.7249
32910.0,22.7172
32915.0,22.7123
32920.0,22.6859
32925.0,22.7216
32930.0,22.9306
32935.0,23.0711
32940.0,23.1374
32945.0,23.1815
32950.0,23.3423
32955.0,23.381
32960.0,23.643
32965.0,23.6807
32970.0,23.6676
32975.0,23.8607
32980.0,24.1559
32985.0,24.3413
32990.0,24.4401
32995.0,24.5968
33000.0,24.7927
33005.0,25.0743
33010.0,25.3667
33015.0,25.5749
33020.0,25.7357
33025.0,25.8927
33030.0,26.1523
33035.0,26.411
33040.0,26.665
33045.0,26.8829
33050.0,27.0635
33055.0,27.2797
33060.0,27.5064
33065.0,27.7229
33070.0,28.0341
33075.0,28.2003
33080.0,28.3346
33085.0,28.3909
33090.0,28.6212
33095.0,28.8006
33100.0,28.9577
33105.0,29.0965
33110.0,29.1834
33115.0,29.3224
33120.0,29.4094
33125.0,29.4848
33130.0,29.6584
33135.0,29.6749
33140.0,29.776
33145.0,29.9163
33150.0,30.0238
33155.0,30.129
33160.0,30.2307
33165.0,30.3663
33170.0,30.5897
33175.0,30.7937
33180.0,31.0403
33185.0,31.1778
33190.0,31.3271
33195.0,31.5799
33200.0,31.8435
33205.0,32.1614
33210.0,32.5097
33215.0,32.7701
33220.0,32.96
33225.0,33.2583
33230.0,33.6348
33235.0,34.0282
33240.0,34.1751
33245.0,34.4128
33250.0,34.6199
33255.0,34.9363
33260.0,35.2087
33265.0,35.4056
33270.0,35.5596
33275.0,35.6694
33280.0,35.8104
33285.0,36.0276
33290.0,36.2818
33295.0,36.3505
33300.0,36.6069
33305.0,36.7544
33310.0,37.0664
33315.0,37.2525
33320.0,37.3491
33325.0,37.6006
33330.0,37.7102
33335.0,37.897
33340.0,38.1254
33345.0,38.2728
33350.0,38.172
33355.0,38.2781
33360.0,38.4982
33365.0,38.7202
33370.0,38.9958
33375.0,39.4148
33380.0,39.8434
33385.0,39.8952
33390.0,40.1573
33395.0,40.6014
33400.0,40.9651
33405.0,41.2821
33410.0,41.6849
33415.0,41.9899
33420.0,42.2719
33425.0,42.7736
33430.0,43.2254
33435.0,43.3883
33440.0,43.9831
33445.0,43.9414
33450.0,44.2613
33455.0,44.6503
33460.0,44.9027
33465.0,45.0384
33470.0,45.2929
33475.0,45.7269
33480.0,45.6433
33485.0,45.735
33490.0,46.0128
33495.0,46.0487
33500.0,46.1183
33505.0,46.4397
33510.0,46.8211
33515.0,47.0706
33520.0,47.2821
33525.0,47.4972
33530.0,47.8253
33535.0,48.1615
33540.0,48.448
33545.0,48.5703
33550.0,48.7397
33555.0,49.0015
33560.0,49.3673
33565.0,49.7291
33570.0,49.9836
33575.0,50.2975
33580.0,50.5572
33585.0,50.8226
33590.0,51.3433
33595.0,51.7112
33600.0,51.9703
33605.0,52.3128
33610.0,52.7305
33615.0,53.0599
33620.0,53.4555
33625.0,53.9625
33630.0,54.3627
33635.0,54.5446
33640.0,54.9263
33645.0,55.3511
33650.0,55.727
33655.0,56.0904
33660.0,56.3875
33665.0,56.8475
33670.0,57.3172
33675.0,58.1134
33680.0,58.6399
33685.0,59.0384
33690.0,59.1417
33695.0,59.0883
33700.0,59.361
33705.0,59.5794
33710.0,59.96
33715.0,59.8493
33720.0,59.9441
33725.0,60.2748
33730.0,60.4778
33735.0,60.5233
33740.0,60.7194
33745.0,61.1589
33750.0,61.3324
33755.0,61.7685
33760.0,62.3166
33765.0,63.1055
33770.0,63.8211
33775.0,64.232
33780.0,64.5195
33785.0,65.1125
33790.0,65.6765
33795.0,65.9286
33800.0,66.2716
33805.0,66.5693
33810.0,66.8906
33815.0,67.2246
33820.0,67.5177
33825.0,67.8476
33830.0,68.2599
33835.0,68.44
33840.0,68.9072
33845.0,69.572
33850.0,70.141
33855.0,70.5519
33860.0,70.9367
33865.0,71.3975
33870.0,72.2128
33875.0,72.8222
33880.0,73.3808
33885.0,73.8828
33890.0,74.4496
33895.0,74.9983
33900.0,75.4178
33905.0,76.0554
33910.0,76.2484
33915.0,76.7892
33920.0,77.1262
33925.0,77.6235
33930.0,78.1413
33935.0,78.5694
33940.0,79.1248
33945.0,79.4715
33950.0,79.62
33955.0,80.027
33960.0,80.3783
33965.0,80.71
33970.0,81.1929
33975.0,81.7375
33980.0,81.841
33985.0,82.3341
33990.0,82.6754
33995.0,83.0893
34000.0,83.4232
34005.0,83.5533
34010.0,83.6017
34015.0,83.8589
34020.0,84.3366
34025.0,84.7593
34030.0,85.1614
34035.0,85.5271
34040.0,85.8979
34045.0,86.4892
34050.0,87.4367
34055.0,88.244
34060.0,88.9105
34065.0,89.098
34070.0,89.7266
34075.0,90.4886
34080.0,91.2709
34085.0,92.1243
34090.0,92.6673
34095.0,93.1331
34100.0,93.819
34105.0,94.4877
34110.0,95.0636
34115.0,95.7445
34120.0,96.5211
34125.0,96.8623
34130.0,97.5356
34135.0,98.1991
34140.0,98.8881
34145.0,99.4554
34150.0,99.9292
34155.0,100.357
34160.0,100.67
34165.0,101.227
34170.0,101.529
34175.0,101.889
34180.0,102.033
34185.0,102.254
34190.0,102.731
34195.0,102.914
34200.0,103.12
34205.0,103.674
34210.0,103.768
34215.0,104.146
34220.0,104.85
34225.0,105.525
34230.0,106.263
34235.0,106.653
34240.0,107.084
34245.0,107.461
34250.0,108.052
34255.0,108.793
34260.0,109.395
34265.0,109.811
34270.0,110.079
34275.0,110.656
34280.0,111.575
34285.0,112.544
34290.0,113.453
34295.0,114.44
34300.0,115.292
34305.0,115.869
34310.0,116.925
34315.0,117.854
34320.0,118.723
34325.0,119.574
34330.0,119.94
34335.0,121.108
34340.0,121.807
34345.0,122.49
34350.0,123.278
34355.0,124.094
34360.0,124.816
34365.0,125.469
34370.0,126.217
34375.0,126.878
34380.0,127.536
34385.0,128.168
34390.0,128.682
34395.0,129.076
34400.0,130.171
34405.0,130.667
34410.0,131.242
34415.0,131.665
34420.0,131.961
34425.0,132.347
34430.0,132.805
34435.0,133.152
34440.0,133.869
34445.0,134.261
34450.0,134.498
34455.0,135.028
34460.0,136.049
34465.0,136.577
34470.0,137.491
34475.0,138.078
34480.0,138.389
34485.0,138.819
34490.0,139.653
34495.0,139.77
34500.0,140.812
34505.0,140.926
34510.0,141.267
34515.0,141.872
34520.0,142.233
34525.0,143.447
34530.0,144.641
34535.0,145.5
34540.0,145.996
34545.0,147.04
34550.0,148.767
34555.0,148.785
34560.0,149.525
34565.0,150.266
34570.0,150.814
34575.0,151.443
34580.0,152.272
34585.0,152.846
34590.0,154.0
34595.0,154.629
34600.0,154.907
34605.0,155.527
34610.0,156.642
34615.0,157.436
34620.0,159.036
34625.0,159.336
34630.0,159.661
34635.0,160.287
34640.0,161.202
34645.0,162.41
34650.0,163.04
34655.0,162.872
34660.0,163.248
34665.0,163.776
34670.0,164.313
34675.0,165.782
34680.0,165.692
34685.0,166.049
34690.0,166.701
34695.0,167.786
34700.0,169.15
34705.0,169.996
34710.0,171.634
34715.0,171.137
34720.0,171.372
34725.0,172.525
34730.0,173.816
34735.0,175.219
34740.0,176.091
34745.0,178.26
34750.0,179.299
34755.0,179.904
34760.0,181.718
34765.0,183.807
34770.0,185.488
34775.0,185.929
34780.0,186.787
34785.0,188.282
34790.0,189.546
34795.0,191.489
34800.0,192.646
34805.0,193.399
34810.0,193.838
34815.0,194.406
34820.0,195.829
34825.0,196.745
34830.0,196.978
34835.0,197.243
34840.0,197.636
34845.0,198.025
34850.0,198.227
34855.0,199.552
34860.0,200.304
34865.0,201.031
34870.0,201.788
34875.0,202.432
34880.0,203.817
34885.0,204.866
34890.0,205.561
34895.0,206.18
34900.0,207.024
34905.0,208.303
34910.0,209.426
34915.0,210.575
34920.0,211.637
34925.0,212.559
34930.0,213.361
34935.0,214.191
34940.0,215.264
34945.0,216.366
34950.0,217.316
34955.0,217.717
34960.0,217.154
34965.0,219.172
34970.0,220.346
34975.0,220.849
34980.0,221.539
34985.0,222.81
34990.0,222.74
34995.0,222.824
35000.0,223.285
35005.0,223.696
35010.0,223.864
35015.0,223.968
35020.0,223.544
35025.0,224.804
35030.0,225.953
35035.0,226.753
35040.0,227.732
35045.0,229.505
35050.0,230.108
35055.0,231.232
35060.0,232.552
35065.0,233.979
35070.0,236.677
35075.0,238.481
35080.0,241.797
35085.0,244.025
35090.0,245.113
35095.0,247.373
35100.0,247.258
35105.0,248.617
35110.0,249.79
35115.0,250.562
35120.0,251.198
35125.0,251.289
35130.0,252.509
35135.0,254.136
35140.0,255.335
35145.0,255.808
35150.0,256.567
35155.0,257.977
35160.0,258.987
35165.0,259.622
35170.0,260.17
35175.0,261.127
35180.0,260.655
35185.0,262.129
35190.0,264.02
35195.0,265.659
35200.0,267.086
35205.0,267.615
35210.0,269.8
35215.0,271.452
35220.0,273.314
35225.0,276.972
35230.0,278.005
35235.0,279.815
35240.0,281.709
35245.0,284.043
35250.0,287.07
35255.0,288.842
35260.0,290.555
35265.0,292.401
35270.0,294.314
35275.0,296.074
35280.0,297.103
35285.0,298.037
35290.0,298.113
35295.0,297.705
35300.0,297.35
35305.0,297.329
35310.0,297.016
35315.0,296.752
35320.0,296.599
35325.0,296.637
35330.0,297.057
35335.0,297.585
35340.0,298.179
35345.0,298.997
35350.0,300.012
35355.0,300.806
35360.0,300.908
35365.0,302.369
35370.0,304.063
35375.0,305.325
35380.0,306.737
35385.0,308.066
35390.0,309.694
35395.0,311.53
35400.0,313.132
35405.0,313.296
35410.0,315.513
35415.0,316.887
35420.0,317.682
35425.0,318.296
35430.0,318.654
35435.0,318.912
35440.0,319.236
35445.0,319.626
35450.0,320.02
35455.0,320.186
35460.0,320.709
35465.0,321.628
35470.0,322.625
35475.0,323.504
35480.0,325.479
35485.0,326.825
35490.0,328.146
35495.0,329.404
35500.0,330.512
35505.0,332.634
35510.0,334.422
35515.0,335.602
35520.0,336.833
35525.0,339.372
35530.0,343.446
35535.0,346.374
35540.0,348.719
35545.0,350.881
35550.0,353.16
35555.0,354.89
35560.0,357.162
35565.0,359.284
35570.0,360.876
35575.0,362.295
35580.0,363.987
35585.0,364.835
35590.0,365.257
35595.0,365.738
35600.0,365.904
35605.0,365.976
35610.0,366.46
35615.0,367.087
35620.0,367.377
35625.0,369.079
35630.0,370.694
35635.0,370.94
35640.0,370.557
35645.0,372.693
35650.0,373.852
35655.0,375.679
35660.0,377.863
35665.0,379.964
35670.0,381.368
35675.0,382.716
35680.0,385.556
35685.0,389.072
35690.0,391.796
35695.0,392.766
35700.0,396.551
35705.0,397.833
35710.0,397.285
35715.0,401.929
35720.0,402.158
35725.0,404.553
35730.0,406.451
35735.0,406.236
35740.0,408.135
35745.0,407.797
35750.0,408.415
35755.0,410.111
35760.0,411.781
35765.0,412.735
35770.0,411.547
35775.0,411.606
35780.0,413.548
35785.0,412.557
35790.0,412.923
35795.0,412.866
35800.0,413.009
35805.0,414.447
35810.0,416.032
35815.0,417.032
35820.0,419.064
35825.0,422.458
35830.0,426.021
35835.0,425.192
35840.0,425.684
35845.0,427.536
35850.0,429.972
35855.0,431.994
35860.0,436.037
35865.0,439.132
35870.0,440.363
35875.0,440.716
35880.0,440.342
35885.0,442.063
35890.0,444.408
35895.0,445.454
35900.0,447.835
35905.0,448.256
35910.0,448.831
35915.0,450.257
35920.0,451.427
35925.0,452.373
35930.0,453.899
35935.0,455.496
35940.0,456.311
35945.0,457.314
35950.0,459.922
35955.0,461.048
35960.0,459.84
35965.0,462.144
35970.0,463.152
35975.0,464.565
35980.0,466.715
35985.0,469.38
35990.0,470.751
35995.0,472.012
36000.0,473.482
36005.0,475.524
36010.0,479.307
36015.0,482.035
36020.0,484.423
36025.0,486.712
36030.0,488.754
36035.0,490.102
36040.0,492.047
36045.0,494.15
36050.0,495.375
36055.0,495.828
36060.0,497.555
36065.0,498.559
36070.0,497.618
36075.0,499.265
36080.0,499.979
36085.0,500.681
36090.0,501.386
36095.0,500.868
36100.0,501.935
36105.0,503.151
36110.0,504.329
36115.0,505.546
36120.0,508.259
36125.0,509.222
36130.0,509.818
36135.0,511.397
36140.0,512.391
36145.0,513.326
36150.0,514.329
36155.0,515.443
36160.0,516.533
36165.0,521.417
36170.0,525.071
36175.0,526.581
36180.0,527.762
36185.0,529.274
36190.0,531.704
36195.0,534.31
36200.0,535.727
36205.0,536.838
36210.0,537.082
36215.0,536.733
36220.0,536.17
36225.0,536.063
36230.0,536.451
36235.0,537.87
36240.0,540.475
36245.0,542.268
36250.0,541.972
36255.0,542.532
36260.0,544.764
36265.0,546.844
36270.0,547.525
36275.0,549.15
36280.0,552.049
36285.0,555.423
36290.0,556.259
36295.0,557.424
36300.0,559.189
36305.0,561.167
36310.0,564.512
36315.0,566.753
36320.0,568.183
36325.0,569.628
36330.0,573.474
36335.0,576.192
36340.0,578.058
36345.0,579.588
36350.0,581.619
36355.0,583.53
36360.0,584.852
36365.0,585.326
36370.0,588.13
36375.0,590.57
36380.0,591.785
36385.0,591.371
36390.0,590.931
36395.0,590.942
36400.0,591.168
36405.0,591.291
36410.0,589.791
36415.0,591.146
36420.0,590.804
36425.0,587.847
36430.0,589.067
36435.0,591.027
36440.0,590.951
36445.0,589.227
36450.0,593.389
36455.0,592.921
36460.0,592.739
36465.0,594.544
36470.0,598.941
36475.0,602.302
36480.0,603.908
36485.0,604.265
36490.0,606.737
36495.0,608.56
36500.0,611.272
36505.0,614.992
36510.0,618.595
36515.0,620.93
36520.0,622.107
36525.0,622.957
36530.0,626.71
36535.0,628.657
36540.0,630.132
36545.0,631.543
36550.0,633.043
36555.0,636.932
36560.0,638.248
36565.0,637.126
36570.0,641.648
36575.0,648.274
36580.0,652.638
36585.0,653.922
36590.0,656.647
36595.0,659.351
36600.0,660.525
36605.0,660.13
36610.0,661.375
36615.0,662.66
36620.0,663.976
36625.0,665.181
36630.0,664.82
36635.0,664.458
36640.0,664.927
36645.0,666.555
36650.0,666.759
36655.0,668.218
36660.0,670.323
36665.0,672.703
36670.0,676.085
36675.0,679.18
36680.0,680.85
36685.0,680.017
36690.0,679.928
36695.0,680.886
36700.0,682.038
36705.0,682.271
36710.0,684.057
36715.0,685.309
36720.0,686.816
36725.0,690.18
36730.0,693.205
36735.0,695.87
36740.0,698.794
36745.0,703.776
36750.0,704.01
36755.0,705.041
36760.0,707.254
36765.0,707.432
36770.0,710.736
36775.0,713.791
36780.0,715.542
36785.0,716.468
36790.0,717.412
36795.0,717.783
36800.0,717.34
36805.0,718.184
36810.0,718.716
36815.0,718.809
36820.0,718.282
36825.0,720.317
36830.0,718.568
36835.0,716.274
36840.0,719.119
36845.0,720.852
36850.0,721.727
36855.0,722.607
36860.0,726.369
36865.0,726.412
36870.0,727.101
36875.0,729.404
36880.0,730.786
36885.0,730.91
36890.0,730.656
36895.0,730.566
36900.0,733.408
36905.0,737.064
36910.0,739.178
36915.0,736.713
36920.0,737.365
36925.0,740.861
36930.0,745.281
36935.0,746.178
36940.0,746.991
36945.0,748.035
36950.0,749.777
36955.0,754.665
36960.0,756.585
36965.0,757.408
36970.0,758.131
36975.0,758.155
36980.0,760.838
36985.0,764.792
36990.0,768.161
36995.0,769.263
37000.0,773.166
37005.0,779.006
37010.0,782.037
37015.0,783.109
37020.0,784.674
37025.0,787.444
37030.0,789.51
37035.0,790.13
37040.0,791.364
37045.0,795.225
37050.0,803.599
37055.0,806.34
37060.0,805.105
37065.0,805.12
37070.0,808.515
37075.0,810.907
37080.0,811.388
37085.0,813.432
37090.0,812.579
37095.0,810.564
37100.0,808.719
37105.0,807.682
37110.0,805.009
37115.0,801.754
37120.0,801.013
37125.0,799.926
37130.0,799.067
37135.0,798.369
37140.0,794.09
37145.0,792.883
37150.0,794.244
37155.0,798.22
37160.0,798.201
37165.0,798.332
37170.0,799.289
37175.0,802.355
37180.0,803.621
37185.0,805.302
37190.0,808.368
37195.0,809.983
37200.0,811.529
37205.0,813.068
37210.0,814.717
37215.0,816.441
37220.0,819.241
37225.0,822.944
37230.0,823.768
37235.0,825.03
37240.0,826.103
37245.0,826.374
37250.0,828.331
37255.0,832.62
37260.0,838.618
37265.0,843.666
37270.0,845.212
37275.0,846.324
37280.0,848.536
37285.0,850.192
37290.0,853.083
37295.0,856.653
37300.0,859.614
37305.0,862.0
37310.0,864.593
37315.0,867.678
37320.0,870.908
37325.0,873.408
37330.0,874.779
37335.0,874.005
37340.0,876.718
37345.0,880.445
37350.0,884.365
37355.0,883.806
37360.0,884.292
37365.0,885.539
37370.0,887.474
37375.0,884.905
37380.0,884.039
37385.0,885.105
37390.0,883.733
37395.0,882.224
37400.0,879.865
37405.0,875.663
37410.0,875.575
37415.0,873.144
37420.0,868.602
37425.0,870.278
37430.0,869.659
37435.0,868.701
37440.0,869.25
37445.0,871.057
37450.0,872.86
37455.0,874.361
37460.0,874.458
37465.0,877.576
37470.0,881.613
37475.0,884.358
37480.0,887.44
37485.0,891.549
37490.0,896.568
37495.0,899.836
37500.0,902.88
37505.0,905.428
37510.0,906.891
37515.0,907.349
37520.0,910.151
37525.0,915.917
37530.0,916.197
37535.0,918.571
37540.0,921.219
37545.0,920.292
37550.0,921.949
37555.0,924.509
37560.0,927.454
37565.0,929.474
37570.0,931.348
37575.0,932.818
37580.0,932.658
37585.0,936.28
37590.0,939.512
37595.0,939.667
37600.0,944.078
37605.0,947.196
37610.0,948.291
37615.0,946.15
37620.0,946.918
37625.0,949.093
37630.0,951.372
37635.0,953.109
37640.0,956.308
37645.0,961.335
37650.0,958.214
37655.0,956.188
37660.0,955.66
37665.0,958.633
37670.0,957.541
37675.0,954.879
37680.0,951.663
37685.0,952.839
37690.0,952.055
37695.0,949.253
37700.0,950.187
37705.0,950.323
37710.0,950.937
37715.0,954.362
37720.0,955.855
37725.0,956.35
37730.0,955.908
37735.0,957.963
37740.0,961.866
37745.0,966.948
37750.0,969.786
37755.0,974.302
37760.0,979.061
37765.0,982.465
37770.0,986.019
37775.0,989.93
37780.0,994.294
37785.0,997.011
37790.0,998.207
37795.0,998.607
37800.0,1001.75
37805.0,1002.75
37810.0,1002.84
37815.0,1002.94
37820.0,1004.85
37825.0,1005.93
37830.0,1005.24
37835.0,1004.15
37840.0,1003.35
37845.0,1002.78
37850.0,1001.85
37855.0,999.982
37860.0,998.177
37865.0,997.959
37870.0,999.161
37875.0,998.81
37880.0,995.415
37885.0,994.342
37890.0,992.998
37895.0,991.34
37900.0,990.9
37905.0,990.407
37910.0,989.232
37915.0,985.447
37920.0,986.312
37925.0,987.461
37930.0,986.09
37935.0,986.67
37940.0,985.534
37945.0,981.877
37950.0,984.946
37955.0,986.392
37960.0,986.709
37965.0,988.086
37970.0,990.269
37975.0,992.566
37980.0,994.029
37985.0,995.795
37990.0,997.788
37995.0,1000.05
38000.0,1002.87
38005.0,1005.66
38010.0,1008.33
38015.0,1009.82
38020.0,1013.48
38025.0,1018.62
38030.0,1023.22
38035.0,1027.86
38040.0,1031.79
38045.0,1033.39
38050.0,1038.33
38055.0,1043.17
38060.0,1045.98
38065.0,1047.53
38070.0,1049.81
38075.0,1053.21
38080.0,1054.92
38085.0,1057.21
38090.0,1059.78
38095.0,1060.33
38100.0,1061.07
38105.0,1061.55
38110.0,1060.35
38115.0,1058.38
38120.0,1056.49
38125.0,1055.53
38130.0,1054.98
38135.0,1053.87
38140.0,1051.71
38145.0,1048.77
38150.0,1047.25
38155.0,1047.48
38160.0,1047.33
38165.0,1047.04
38170.0,1046.43
38175.0,1044.11
38180.0,1044.35
38185.0,1045.2
38190.0,1042.33
38195.0,1040.47
38200.0,1039.92
38205.0,1041.92
38210.0,1041.71
38215.0,1041.4
38220.0,1041.97
38225.0,1044.15
38230.0,1045.48
38235.0,1045.33
38240.0,1046.16
38245.0,1047.05
38250.0,1048.0
38255.0,1050.25
38260.0,1052.19
38265.0,1054.12
38270.0,1058.08
38275.0,1060.62
38280.0,1062.92
38285.0,1067.8
38290.0,1072.19
38295.0,1076.1
38300.0,1079.13
38305.0,1084.05
38310.0,1087.98
38315.0,1088.35
38320.0,1091.4
38325.0,1094.47
38330.0,1096.76
38335.0,1100.15
38340.0,1102.72
38345.0,1104.1
38350.0,1107.49
38355.0,1109.91
38360.0,1111.21
38365.0,1109.81
38370.0,1109.81
38375.0,1110.63
38380.0,1107.14
38385.0,1105.0
38390.0,1103.57
38395.0,1100.93
38400.0,1098.98
38405.0,1096.79
38410.0,1091.88
38415.0,1090.88
38420.0,1090.4
38425.0,1085.86
38430.0,1081.78
38435.0,1077.52
38440.0,1072.43
38445.0,1071.78
38450.0,1070.84
38455.0,1066.93
38460.0,1065.27
38465.0,1064.05
38470.0,1062.85
38475.0,1062.87
38480.0,1062.76
38485.0,1062.21
38490.0,1064.64
38495.0,1065.79
38500.0,1064.98
38505.0,1065.96
38510.0,1068.12
38515.0,1071.59
38520.0,1073.61
38525.0,1075.56
38530.0,1077.51
38535.0,1081.28
38540.0,1085.23
38545.0,1089.27
38550.0,1091.93
38555.0,1096.12
38560.0,1101.33
38565.0,1104.35
38570.0,1107.81
38575.0,1111.68
38580.0,1116.41
38585.0,1122.17
38590.0,1128.39
38595.0,1132.98
38600.0,1135.75
38605.0,1137.42
38610.0,1139.29
38615.0,1141.32
38620.0,1143.4
38625.0,1145.18
38630.0,1147.42
38635.0,1149.43
38640.0,1149.35
38645.0,1149.75
38650.0,1150.86
38655.0,1154.2
38660.0,1152.67
38665.0,1150.07
38670.0,1151.55
38675.0,1149.82
38680.0,1146.63
38685.0,1143.01
38690.0,1139.86
38695.0,1136.76
38700.0,1133.07
38705.0,1128.98
38710.0,1125.16
38715.0,1122.84
38720.0,1120.68
38725.0,1118.55
38730.0,1116.32
38735.0,1114.64
38740.0,1113.18
38745.0,1111.8
38750.0,1111.63
38755.0,1111.6
38760.0,1110.35
38765.0,1111.78
38770.0,1113.95
38775.0,1114.47
38780.0,1114.39
38785.0,1114.4
38790.0,1115.82
38795.0,1115.6
38800.0,1114.78
38805.0,1114.48
38810.0,1114.54
38815.0,1114.94
38820.0,1116.07
38825.0,1117.36
38830.0,1118.54
38835.0,1118.75
38840.0,1119.89
38845.0,1121.65
38850.0,1124.27
38855.0,1126.2
38860.0,1127.58
38865.0,1127.74
38870.0,1128.7
38875.0,1130.01
38880.0,1130.06
38885.0,1130.78
38890.0,1131.72
38895.0,1129.71
38900.0,1128.57
38905.0,1128.1
38910.0,1127.4
38915.0,1126.59
38920.0,1125.64
38925.0,1123.38
38930.0,1121.17
38935.0,1119.02
38940.0,1118.78
38945.0,1118.55
38950.0,1118.28
38955.0,1117.91
38960.0,1117.84
38965.0,1118.15
38970.0,1119.57
38975.0,1120.46
38980.0,1120.42
38985.0,1119.29
38990.0,1120.74
38995.0,1127.08
39000.0,1126.0
39005.0,1125.38
39010.0,1128.71
39015.0,1131.67
39020.0,1133.88
39025.0,1134.44
39030.0,1135.95
39035.0,1138.01
39040.0,1140.96
39045.0,1142.3
39050.0,1143.04
39055.0,1144.21
39060.0,1145.8
39065.0,1147.67
39070.0,1150.0
39075.0,1151.26
39080.0,1151.81
39085.0,1151.97
39090.0,1153.64
39095.0,1156.26
39100.0,1155.38
39105.0,1156.36
39110.0,1159.08
39115.0,1160.24
39120.0,1161.88
39125.0,1164.11
39130.0,1163.1
39135.0,1164.3
39140.0,1169.27
39145.0,1170.35
39150.0,1170.52
39155.0,1170.13
39160.0,1169.68
39165.0,1169.69
39170.0,1171.06
39175.0,1171.23
39180.0,1170.06
39185.0,1165.36
39190.0,1160.87
39195.0,1156.91
39200.0,1156.08
39205.0,1153.88
39210.0,1150.77
39215.0,1149.67
39220.0,1147.93
39225.0,1145.54
39230.0,1142.12
39235.0,1139.08
39240.0,1136.54
39245.0,1134.99
39250.0,1133.08
39255.0,1130.33
39260.0,1130.51
39265.0,1130.73
39270.0,1128.98
39275.0,1129.41
39280.0,1130.51
39285.0,1130.86
39290.0,1131.89
39295.0,1133.04
39300.0,1131.92
39305.0,1131.31
39310.0,1131.1
39315.0,1134.99
39320.0,1139.14
39325.0,1143.59
39330.0,1143.83
39335.0,1143.9
39340.0,1144.35
39345.0,1145.4
39350.0,1146.46
39355.0,1147.16
39360.0,1148.8
39365.0,1150.62
39370.0,1151.7
39375.0,1150.93
39380.0,1149.26
39385.0,1151.33
39390.0,1151.67
39395.0,1150.43
39400.0,1151.34
39405.0,1151.35
39410.0,1150.0
39415.0,1150.87
39420.0,1151.18
39425.0,1149.35
39430.0,1147.8
39435.0,1146.47
39440.0,1145.6
39445.0,1144.04
39450.0,1142.38
39455.0,1144.06
39460.0,1142.45
39465.0,1137.81
39470.0,1136.64
39475.0,1136.53
39480.0,1137.78
39485.0,1138.13
39490.0,1137.94
39495.0,1136.81
39500.0,1135.15
39505.0,1133.28
39510.0,1131.32
39515.0,1130.8
39520.0,1131.3
39525.0,1134.0
39530.0,1135.26
39535.0,1134.94
39540.0,1131.93
39545.0,1128.98
39550.0,1126.54
39555.0,1127.39
39560.0,1128.49
39565.0,1127.74
39570.0,1127.33
39575.0,1127.33
39580.0,1129.43
39585.0,1130.14
39590.0,1129.67
39595.0,1127.31
39600.0,1126.71
39605.0,1128.85
39610.0,1130.5
39615.0,1132.01
39620.0,1133.45
39625.0,1134.88
39630.0,1136.05
39635.0,1135.3
39640.0,1137.37
39645.0,1141.86
39650.0,1142.5
39655.0,1143.05
39660.0,1143.83
39665.0,1145.1
39670.0,1146.59
39675.0,1148.48
39680.0,1149.49
39685.0,1149.95
39690.0,1149.34
39695.0,1150.58
39700.0,1153.68
39705.0,1154.35
39710.0,1154.22
39715.0,1152.96
39720.0,1152.28
39725.0,1151.89
39730.0,1151.98
39735.0,1150.81
39740.0,1148.81
39745.0,1145.62
39750.0,1142.76
39755.0,1140.3
39760.0,1136.37
39765.0,1132.54
39770.0,1129.42
39775.0,1126.53
39780.0,1123.62
39785.0,1119.87
39790.0,1117.12
39795.0,1115.22
39800.0,1114.03
39805.0,1112.26
39810.0,1109.47
39815.0,1109.56
39820.0,1109.76
39825.0,1107.48
39830.0,1106.73
39835.0,1106.88
39840.0,1106.75
39845.0,1105.33
39850.0,1102.3
39855.0,1103.84
39860.0,1104.96
39865.0,1102.74
39870.0,1101.97
39875.0,1101.96
39880.0,1102.78
39885.0,1102.57
39890.0,1101.47
39895.0,1102.05
39900.0,1103.08
39905.0,1104.78
39910.0,1103.58
39915.0,1101.97
39920.0,1103.05
39925.0,1103.9
39930.0,1104.56
39935.0,1105.26
39940.0,1105.88
39945.0,1106.4
39950.0,1107.47
39955.0,1109.04
39960.0,1112.14
39965.0,1113.5
39970.0,1113.59
39975.0,1116.04
39980.0,1117.06
39985.0,1115.94
39990.0,1116.0
39995.0,1116.16
40000.0,1115.61
40005.0,1115.56
40010.0,1115.47
40015.0,1113.7
40020.0,1112.89
40025.0,1112.76
40030.0,1113.38
40035.0,1114.37
40040.0,1115.95
40045.0,1113.09
40050.0,1109.58
40055.0,1108.87
40060.0,1105.73
40065.0,1100.68
40070.0,1101.94
40075.0,1101.65
40080.0,1098.13
40085.0,1099.73
40090.0,1102.33
40095.0,1101.21
40100.0,1100.97
40105.0,1101.49
40110.0,1101.62
40115.0,1102.22
40120.0,1103.89
40125.0,1103.15
40130.0,1101.58
40135.0,1101.93
40140.0,1101.86
40145.0,1101.35
40150.0,1103.36
40155.0,1105.0
40160.0,1104.59
40165.0,1105.92
40170.0,1107.84
40175.0,1100.76
40180.0,1096.15
40185.0,1094.96
40190.0,1094.22
40195.0,1093.5
40200.0,1092.44
40205.0,1089.55
40210.0,1085.35
40215.0,1083.79
40220.0,1081.84
40225.0,1078.89
40230.0,1075.63
40235.0,1072.38
40240.0,1070.42
40245.0,1068.82
40250.0,1067.61
40255.0,1068.16
40260.0,1067.72
40265.0,1063.27
40270.0,1063.13
40275.0,1065.63
40280.0,1062.54
40285.0,1060.72
40290.0,1060.95
40295.0,1061.73
40300.0,1062.69
40305.0,1063.61
40310.0,1064.38
40315.0,1065.01
40320.0,1064.65
40325.0,1064.81
40330.0,1066.85
40335.0,1066.42
40340.0,1064.47
40345.0,1067.01
40350.0,1067.91
40355.0,1066.12
40360.0,1064.71
40365.0,1064.03
40370.0,1067.74
40375.0,1068.23
40380.0,1065.24
40385.0,1064.79
40390.0,1064.53
40395.0,1063.46
40400.0,1061.75
40405.0,1059.58
40410.0,1059.41
40415.0,1059.36
40420.0,1059.38
40425.0,1057.36
40430.0,1054.49
40435.0,1053.07
40440.0,1051.8
40445.0,1050.74
40450.0,1048.1
40455.0,1045.36
40460.0,1044.77
40465.0,1043.89
40470.0,1042.72
40475.0,1040.06
40480.0,1037.39
40485.0,1035.33
40490.0,1034.76
40495.0,1035.16
40500.0,1032.75
40505.0,1030.93
40510.0,1030.62
40515.0,1029.97
40520.0,1029.19
40525.0,1029.93
40530.0,1029.83
40535.0,1028.37
40540.0,1026.11
40545.0,1023.86
40550.0,1024.26
40555.0,1025.42
40560.0,1027.5
40565.0,1026.38
40570.0,1024.96
40575.0,1026.08
40580.0,1025.68
40585.0,1023.88
40590.0,1025.22
40595.0,1026.92
40600.0,1028.34
40605.0,1028.28
40610.0,1027.16
40615.0,1026.67
40620.0,1026.07
40625.0,1025.03
40630.0,1027.23
40635.0,1031.43
40640.0,1028.81
40645.0,1026.46
40650.0,1025.0
40655.0,1025.69
40660.0,1027.43
40665.0,1026.08
40670.0,1025.48
40675.0,1026.2
40680.0,1027.33
40685.0,1028.39
40690.0,1025.75
40695.0,1024.32
40700.0,1024.71
40705.0,1023.92
40710.0,1022.67
40715.0,1020.77
40720.0,1019.64
40725.0,1019.57
40730.0,1018.48
40735.0,1017.04
40740.0,1015.24
40745.0,1013.52
40750.0,1011.91
40755.0,1010.66
40760.0,1009.52
40765.0,1008.49
40770.0,1006.6
40775.0,1003.68
40780.0,999.713
40785.0,995.921
40790.0,994.845
40795.0,993.286
40800.0,991.204
